Size,Time
64,0.000246
128,0.000215
256,0.000276
512,0.000684
1024,0.004035
2048,0.029327
4096,0.29386
8192,2.553535
