Size,Time
64,0.00022
128,0.000241
256,0.000244
512,0.000499
1024,0.002486
2048,0.018689
4096,0.186139
8192,1.603503
