Size,Time
64,0.006275
128,0.006439
256,0.014143
512,0.006472
1024,0.006665
2048,0.009364
4096,0.040067
8192,0.262676
